id,workout_id,exercise_id,set_index,weight,reps,rpe,tempo,is_top_set,created_at
0050ce39-4676-4cd5-89d4-40268d346b21,e79302d0-1de2-4be2-a128-7bd42accd712,b80cb19d-0c65-4430-84ca-636b64c47658,3,,5.0,,Wolne,false,2025-09-11 20:42:51.057635+00
0292009b-7c50-4c2e-a025-cf67fde4b570,a8fd9563-5405-4f9b-bc41-52b833356e49,4cb4f180-f5b1-442e-8088-807f712bfdf7,2,,6.0,,Normalne,false,2025-09-11 20:42:51.057635+00
029bd198-3f8c-4de5-b5ae-146cfaf81935,c2d9f23d-0b3f-4240-9e63-7a0214de7c6a,25987556-350d-4d06-be9b-612631bc7e71,4,,14.0,,Normalne,false,2025-09-11 20:42:51.057635+00
029ceb4f-1bc6-4fc4-afae-64966e918a0f,5c2977c0-bc60-4822-bd55-b5b7aefa9021,b80cb19d-0c65-4430-84ca-636b64c47658,2,,7.0,,Normalne,false,2025-09-11 20:42:51.057635+00
031a617e-5586-4537-bc6f-cfee10ce8f41,9ad74ec1-531b-482a-8331-2ee271663df4,4cb4f180-f5b1-442e-8088-807f712bfdf7,2,,7.0,,Normalne,false,2025-09-11 20:42:51.057635+00
03c11785-9b0b-4958-9bad-968cb5e5d0c1,3ca72489-7b46-4c09-b7fe-5f6e6e5fadbc,013dc321-6283-4c6d-ae0e-bff2079741fd,2,7.00,20.0,,Normalne,false,2025-09-11 20:42:51.057635+00
0575245e-5950-4a77-97f4-bbd9103bf28f,9ad74ec1-531b-482a-8331-2ee271663df4,dd362eed-14a7-4dbd-8862-23530c5616e9,1,,8.0,,Normalne,false,2025-09-11 20:42:51.057635+00
075c8ea7-19d3-4b69-8b0d-bc3ae2cb3040,c5aa09bd-ce5b-43ba-adb8-e074fb5a3e96,25987556-350d-4d06-be9b-612631bc7e71,2,,15.0,,Normalne,false,2025-09-11 20:42:51.057635+00
075e667e-1a19-4c42-af34-28fbf87e9ed7,a8fd9563-5405-4f9b-bc41-52b833356e49,03233fd5-c6f9-4e4a-8e22-3be34e480a63,3,,15.0,,Normalne,false,2025-09-11 20:42:51.057635+00
07790b16-6862-4fd3-9393-2b3f07eebd43,03aeac8e-3acd-40b0-8901-e6f3cafe645f,5b5cd32c-7686-45df-9fe2-2e2b5a4b4bc5,2,,7.0,,Wolne,false,2025-09-11 20:42:51.057635+00
082b163f-b886-4f03-bdd0-fd73d37a9f43,e79302d0-1de2-4be2-a128-7bd42accd712,b80cb19d-0c65-4430-84ca-636b64c47658,1,,6.0,,Normalne,false,2025-09-11 20:42:51.057635+00
08fbd57b-5153-4225-a923-58f7629df98c,5c2977c0-bc60-4822-bd55-b5b7aefa9021,25987556-350d-4d06-be9b-612631bc7e71,1,,9.0,,Normalne,false,2025-09-11 20:42:51.057635+00
09234980-6597-4eed-807a-4aadc0ffcc88,a8fd9563-5405-4f9b-bc41-52b833356e49,79daec72-8853-493b-aa9c-91f9e2dc60d6,3,,10.0,,Normalne,false,2025-09-11 20:42:51.057635+00
0b03e239-38fa-42cf-9106-37503ff48919,817773cc-6c0c-4e6c-b2fa-d9048257f483,03233fd5-c6f9-4e4a-8e22-3be34e480a63,3,,18.0,,Normalne,false,2025-09-11 20:42:51.057635+00
0cb5d0bc-2767-4850-9d5e-44b23f2047b2,4e135b69-7043-4d61-98c9-87ecb09b6968,801b9472-48fe-46ce-a31c-b29592d00794,1,,11.0,,Normalne,false,2025-09-11 20:42:51.057635+00
0dc70cc1-22bc-41e7-8756-1c4f68793975,5281e63c-19d0-4171-8799-9acd99737bfd,52eec1fe-394d-4c8a-ae5e-18411ffef3c9,2,,5.0,,Normalne,false,2025-09-11 20:42:51.057635+00
0e81ca20-6a65-4abd-b188-945afe754e91,03aeac8e-3acd-40b0-8901-e6f3cafe645f,4cb4f180-f5b1-442e-8088-807f712bfdf7,3,,4.5,,Normalne,false,2025-09-11 20:42:51.057635+00
0e83821f-ab75-4d6d-a1a4-b7f6fc832857,8a9417c1-c8e0-4a4e-8499-3e1ef25f69e0,a45b255c-f8f2-4a5a-b62f-50c2d14b1419,1,,,7.0,,false,2025-09-11 20:42:51.057635+00
10354cfa-d439-4e8f-859d-f61c209b7176,c94db2c7-4510-41f5-9f20-07d788636b7e,b80cb19d-0c65-4430-84ca-636b64c47658,3,,8.0,,Normalne,false,2025-09-11 20:42:51.057635+00
10489bd6-e3bc-4c2e-b2a4-dc333fd79a1c,5281e63c-19d0-4171-8799-9acd99737bfd,16518ee0-ebe7-4ff2-b4f6-e8dea5171ef9,2,,9.0,,Normalne,false,2025-09-11 20:42:51.057635+00
10e9d38f-a701-4ec6-a0ff-2865a0dc14f2,817773cc-6c0c-4e6c-b2fa-d9048257f483,4cb4f180-f5b1-442e-8088-807f712bfdf7,1,,10.0,,Normalne,false,2025-09-11 20:42:51.057635+00
110a862b-f1dc-4ed4-a85c-1fe4e325140d,817773cc-6c0c-4e6c-b2fa-d9048257f483,03233fd5-c6f9-4e4a-8e22-3be34e480a63,1,,20.0,,Normalne,false,2025-09-11 20:42:51.057635+00
11132b4a-03d2-45c6-a527-043e088300de,5f70fcd2-a9e8-4e05-a443-c48694a9eed4,25987556-350d-4d06-be9b-612631bc7e71,2,,17.0,,Szybkie,false,2025-09-11 20:42:51.057635+00
11283b6d-803c-4ea7-8ea9-5a5886e932b3,5f70fcd2-a9e8-4e05-a443-c48694a9eed4,b80cb19d-0c65-4430-84ca-636b64c47658,4,,8.0,,Normalne,false,2025-09-11 20:42:51.057635+00
149c2eac-2360-484f-9b77-3f0516b270b9,8d98900f-70cf-4304-856f-10e0c580f1df,801b9472-48fe-46ce-a31c-b29592d00794,3,,,,Normalne,false,2025-09-11 20:42:51.057635+00
1552baaa-a458-4f66-b07a-71e834b23d9a,403ec176-4968-4568-b000-7797c02ffb90,013dc321-6283-4c6d-ae0e-bff2079741fd,4,,15.0,,Normalne,false,2025-09-11 20:42:51.057635+00
155f44d6-f791-464d-9955-568a6c86b4cd,817773cc-6c0c-4e6c-b2fa-d9048257f483,79daec72-8853-493b-aa9c-91f9e2dc60d6,3,,9.0,,Normalne,false,2025-09-11 20:42:51.057635+00
176a816d-10c2-43a3-a57f-44c32c1bb866,e79302d0-1de2-4be2-a128-7bd42accd712,801b9472-48fe-46ce-a31c-b29592d00794,1,,8.0,,Wolne,false,2025-09-11 20:42:51.057635+00
18b7569a-b3e5-4fd9-91c9-2aacb46a753b,5f70fcd2-a9e8-4e05-a443-c48694a9eed4,25987556-350d-4d06-be9b-612631bc7e71,3,,16.0,,Szybkie,false,2025-09-11 20:42:51.057635+00
19144248-1ebc-4cb7-a388-84343d58595d,c5aa09bd-ce5b-43ba-adb8-e074fb5a3e96,5b5cd32c-7686-45df-9fe2-2e2b5a4b4bc5,3,,10.0,,Normalne,false,2025-09-11 20:42:51.057635+00
1985adae-6f18-41e4-bb86-81ef20bc8748,3ca72489-7b46-4c09-b7fe-5f6e6e5fadbc,801b9472-48fe-46ce-a31c-b29592d00794,1,,12.0,,Normalne,false,2025-09-11 20:42:51.057635+00
19d6698e-3c0b-4604-b72e-a980a1b1f7a8,5f70fcd2-a9e8-4e05-a443-c48694a9eed4,5b5cd32c-7686-45df-9fe2-2e2b5a4b4bc5,1,,8.0,,Normalne,false,2025-09-11 20:42:51.057635+00
1a23aa30-e796-436b-8f41-2637a16712d2,1445d654-7a5e-46d6-b89f-47e3ae3f5ca1,03233fd5-c6f9-4e4a-8e22-3be34e480a63,1,,25.0,,Normalne,false,2025-09-11 20:42:51.057635+00
1b4e4d02-858b-490e-a451-2a9297217323,c2d9f23d-0b3f-4240-9e63-7a0214de7c6a,b80cb19d-0c65-4430-84ca-636b64c47658,4,,9.0,,Normalne,false,2025-09-11 20:42:51.057635+00
1c62c067-3d19-47a4-b466-9f98f4c76a21,14e0ea57-d358-4104-ae3a-07805cfb8d95,013dc321-6283-4c6d-ae0e-bff2079741fd,1,,15.0,,Wolne,false,2025-09-11 20:42:51.057635+00
1e1cc26a-3aff-41d4-8881-9193f83a5efe,c5aa09bd-ce5b-43ba-adb8-e074fb5a3e96,25987556-350d-4d06-be9b-612631bc7e71,3,,16.0,,Normalne,false,2025-09-11 20:42:51.057635+00
1ea1a490-8c34-4df1-a094-ccc2c8cc60b3,5f70fcd2-a9e8-4e05-a443-c48694a9eed4,5b5cd32c-7686-45df-9fe2-2e2b5a4b4bc5,2,,4.0,,Normalne,false,2025-09-11 20:42:51.057635+00
1eefc970-bb10-441a-9954-5c8aed9b9714,1445d654-7a5e-46d6-b89f-47e3ae3f5ca1,dd362eed-14a7-4dbd-8862-23530c5616e9,3,,8.0,,Normalne,false,2025-09-11 20:42:51.057635+00
1fc360d0-5c6a-4714-9603-5fdb1e634178,5f70fcd2-a9e8-4e05-a443-c48694a9eed4,5b5cd32c-7686-45df-9fe2-2e2b5a4b4bc5,4,,7.0,,Normalne,false,2025-09-11 20:42:51.057635+00
20539662-ce4f-491b-8d17-5a9d140bfcc0,e79302d0-1de2-4be2-a128-7bd42accd712,79ade498-9e19-4e01-acfb-ea9679a2bae7,2,,,9.0,,false,2025-09-11 20:42:51.057635+00
2056abdf-f3c8-4ae8-8d5a-5d12bfe8368d,3ca72489-7b46-4c09-b7fe-5f6e6e5fadbc,dd362eed-14a7-4dbd-8862-23530c5616e9,3,,10.0,,Normalne,false,2025-09-11 20:42:51.057635+00
208e631e-4063-4e1c-b254-535e55ad844b,5f70fcd2-a9e8-4e05-a443-c48694a9eed4,b80cb19d-0c65-4430-84ca-636b64c47658,1,,6.0,,Normalne,false,2025-09-11 20:42:51.057635+00
212af97c-3b91-484b-8d5f-c7d204e53220,62ea8325-c8b5-4b34-b788-831c0d851f46,b80cb19d-0c65-4430-84ca-636b64c47658,4,,7.0,,Normalne,false,2025-09-11 20:42:51.057635+00
21396c19-b48f-46fb-b11d-a1ef8f1c7fb6,8a9417c1-c8e0-4a4e-8499-3e1ef25f69e0,b80cb19d-0c65-4430-84ca-636b64c47658,1,,9.0,,Normalne,false,2025-09-11 20:42:51.057635+00
25a6f16c-f403-4ccc-bba1-1dd7ad38bd0c,8d98900f-70cf-4304-856f-10e0c580f1df,4cb4f180-f5b1-442e-8088-807f712bfdf7,3,,,,Normalne,false,2025-09-11 20:42:51.057635+00
267e9457-9b70-4304-a1ae-b9a5b2d7674f,5c2977c0-bc60-4822-bd55-b5b7aefa9021,25987556-350d-4d06-be9b-612631bc7e71,3,,10.0,,Normalne,false,2025-09-11 20:42:51.057635+00
26c9c9d5-ebf8-47da-acb8-305cc29a10c8,5281e63c-19d0-4171-8799-9acd99737bfd,5b5cd32c-7686-45df-9fe2-2e2b5a4b4bc5,3,,4.0,,Normalne,false,2025-09-11 20:42:51.057635+00
28a40f42-0f61-472a-a14e-e52ba5305418,cf394170-57ae-421a-90f0-b4554ac0dc64,25987556-350d-4d06-be9b-612631bc7e71,3,,17.0,,Normalne,false,2025-09-11 20:42:51.057635+00
293902cf-36cc-40ad-b24a-838e24158713,c94db2c7-4510-41f5-9f20-07d788636b7e,25987556-350d-4d06-be9b-612631bc7e71,1,,15.0,,Normalne,false,2025-09-11 20:42:51.057635+00
2a2cf959-bb0c-476e-ae23-5f4c83e8e281,a8fd9563-5405-4f9b-bc41-52b833356e49,dd362eed-14a7-4dbd-8862-23530c5616e9,2,,9.0,,Normalne,false,2025-09-11 20:42:51.057635+00
2a90ea4b-d3ea-43d4-b236-d0e762115ab4,1445d654-7a5e-46d6-b89f-47e3ae3f5ca1,4cb4f180-f5b1-442e-8088-807f712bfdf7,1,,8.0,,Normalne,false,2025-09-11 20:42:51.057635+00
2aabb9b7-46e8-4807-b06b-47acdf886ec8,14e0ea57-d358-4104-ae3a-07805cfb8d95,801b9472-48fe-46ce-a31c-b29592d00794,2,,10.0,,Normalne,false,2025-09-11 20:42:51.057635+00
2bebb66f-d636-4cf7-b891-47913cd5df5c,5281e63c-19d0-4171-8799-9acd99737bfd,caa09f9f-021a-44bc-9f62-2f3d7c1f66a1,1,,,,,false,2025-09-11 20:42:51.057635+00
2c3d1095-0891-4157-9a77-a37c72cacd3c,5281e63c-19d0-4171-8799-9acd99737bfd,16518ee0-ebe7-4ff2-b4f6-e8dea5171ef9,4,,10.0,,Normalne,false,2025-09-11 20:42:51.057635+00
2c9fc214-c51e-4eb5-8916-10ec83e78dd5,b88dbc89-cdff-4c60-96d0-790e7c39643c,03233fd5-c6f9-4e4a-8e22-3be34e480a63,3,,23.0,,Normalne,false,2025-09-11 20:42:51.057635+00
2cbbed19-7679-442b-80cc-6136f9fcdf18,1445d654-7a5e-46d6-b89f-47e3ae3f5ca1,dd362eed-14a7-4dbd-8862-23530c5616e9,2,,6.0,,Normalne,false,2025-09-11 20:42:51.057635+00
2cea6464-29f0-4677-8f25-71b2153f2315,4e135b69-7043-4d61-98c9-87ecb09b6968,801b9472-48fe-46ce-a31c-b29592d00794,3,,13.0,,Normalne,false,2025-09-11 20:42:51.057635+00
2d69ec6d-0916-4163-bb35-abbb9ffe96bf,e79302d0-1de2-4be2-a128-7bd42accd712,a45b255c-f8f2-4a5a-b62f-50c2d14b1419,1,,,9.0,,false,2025-09-11 20:42:51.057635+00
2d7c4db9-68b2-4075-9729-28ee88f26f35,c2d9f23d-0b3f-4240-9e63-7a0214de7c6a,b80cb19d-0c65-4430-84ca-636b64c47658,2,,5.0,,Normalne,false,2025-09-11 20:42:51.057635+00
2df1c1bb-7047-41a8-86aa-a5dad41dcc80,817773cc-6c0c-4e6c-b2fa-d9048257f483,dd362eed-14a7-4dbd-8862-23530c5616e9,1,,12.0,,Normalne,false,2025-09-11 20:42:51.057635+00
2df4c96d-11fd-4199-af6f-505c6cb8c4df,3ca72489-7b46-4c09-b7fe-5f6e6e5fadbc,013dc321-6283-4c6d-ae0e-bff2079741fd,4,7.00,16.0,,Normalne,false,2025-09-11 20:42:51.057635+00
2f339c8c-7b5b-4610-9d12-3e867c29bf8e,14e0ea57-d358-4104-ae3a-07805cfb8d95,a45b255c-f8f2-4a5a-b62f-50c2d14b1419,1,,,7.0,,false,2025-09-11 20:42:51.057635+00
3024c136-ef70-431d-903a-707937200113,cf394170-57ae-421a-90f0-b4554ac0dc64,5b5cd32c-7686-45df-9fe2-2e2b5a4b4bc5,3,,9.0,,Normalne,false,2025-09-11 20:42:51.057635+00
30b6a019-50c8-4537-9ae9-f25733fe1fad,03aeac8e-3acd-40b0-8901-e6f3cafe645f,013dc321-6283-4c6d-ae0e-bff2079741fd,2,,9.0,,Wolne,false,2025-09-11 20:42:51.057635+00
32200143-d715-4123-b539-96344f826dca,b88dbc89-cdff-4c60-96d0-790e7c39643c,03233fd5-c6f9-4e4a-8e22-3be34e480a63,1,,17.0,,Wolne,false,2025-09-11 20:42:51.057635+00
32f46ee3-dfde-4322-ac4c-3fe353d0424a,5c2977c0-bc60-4822-bd55-b5b7aefa9021,25987556-350d-4d06-be9b-612631bc7e71,2,,12.0,,Normalne,false,2025-09-11 20:42:51.057635+00
3470527f-094a-4bdb-b290-e282ec23a702,e79302d0-1de2-4be2-a128-7bd42accd712,5b5cd32c-7686-45df-9fe2-2e2b5a4b4bc5,2,,7.0,,Normalne,false,2025-09-11 20:42:51.057635+00
35db5534-06d1-4b6d-afae-f079895b0339,03aeac8e-3acd-40b0-8901-e6f3cafe645f,25987556-350d-4d06-be9b-612631bc7e71,2,,15.0,,Normalne,false,2025-09-11 20:42:51.057635+00
373a990e-64ec-49bc-bcd7-2a2f97392658,86e785ce-fadf-4b26-9c7d-4204c25d76bd,20263b39-3619-46b6-9e00-fa61e8e9addf,1,,20.0,,Normalne,false,2025-09-11 20:42:51.057635+00
375fd954-b104-4711-9760-dbd27cd62da3,14e0ea57-d358-4104-ae3a-07805cfb8d95,caa09f9f-021a-44bc-9f62-2f3d7c1f66a1,1,,,,,false,2025-09-11 20:42:51.057635+00
387f4736-79a3-4c4d-a4e9-5481f4ecf559,4e135b69-7043-4d61-98c9-87ecb09b6968,4cb4f180-f5b1-442e-8088-807f712bfdf7,3,,6.0,,Normalne,false,2025-09-11 20:42:51.057635+00
38f342ba-dad6-4118-a1e1-0a9edf9af27b,03aeac8e-3acd-40b0-8901-e6f3cafe645f,25987556-350d-4d06-be9b-612631bc7e71,3,,13.0,,Normalne,false,2025-09-11 20:42:51.057635+00
39621d95-bf10-40ed-b285-42b00e22da1c,14e0ea57-d358-4104-ae3a-07805cfb8d95,72365a26-ae9d-45a4-abfc-a7b680bebdf8,2,,10.0,,Normalne,false,2025-09-11 20:42:51.057635+00
3a4e4d17-3299-403d-89f5-5e2e7cdc9369,9ad74ec1-531b-482a-8331-2ee271663df4,013dc321-6283-4c6d-ae0e-bff2079741fd,1,,25.0,,Normalne,false,2025-09-11 20:42:51.057635+00
3a8f7452-fe0b-4960-a02a-ed228c6a9145,03aeac8e-3acd-40b0-8901-e6f3cafe645f,5b5cd32c-7686-45df-9fe2-2e2b5a4b4bc5,1,,8.0,,Wolne,false,2025-09-11 20:42:51.057635+00
3c093f80-3914-4eeb-b7bf-03d7df2543de,4e135b69-7043-4d61-98c9-87ecb09b6968,801b9472-48fe-46ce-a31c-b29592d00794,2,,10.0,,Normalne,false,2025-09-11 20:42:51.057635+00
3c5f2757-a635-4b92-93f2-33f2fac65177,8a9417c1-c8e0-4a4e-8499-3e1ef25f69e0,a45b255c-f8f2-4a5a-b62f-50c2d14b1419,2,,,8.0,,false,2025-09-11 20:42:51.057635+00
3e2d0042-9ccc-4a3c-8e8f-ff0e7fab7e96,14e0ea57-d358-4104-ae3a-07805cfb8d95,72365a26-ae9d-45a4-abfc-a7b680bebdf8,3,,8.0,,Normalne,false,2025-09-11 20:42:51.057635+00
3f6aa280-6191-447c-a338-2865ec19e7b9,03aeac8e-3acd-40b0-8901-e6f3cafe645f,5b5cd32c-7686-45df-9fe2-2e2b5a4b4bc5,3,,7.0,,Normalne,false,2025-09-11 20:42:51.057635+00
404044c0-e445-4e11-95c9-b1fb755fac3a,5281e63c-19d0-4171-8799-9acd99737bfd,b80cb19d-0c65-4430-84ca-636b64c47658,2,,5.0,,Normalne,false,2025-09-11 20:42:51.057635+00
40e855e9-56f2-439c-ae8b-5971260f12bb,9ad74ec1-531b-482a-8331-2ee271663df4,79daec72-8853-493b-aa9c-91f9e2dc60d6,1,,10.0,,Normalne,false,2025-09-11 20:42:51.057635+00
4160185f-e71b-4396-8acf-d1387b1e61ca,5281e63c-19d0-4171-8799-9acd99737bfd,b80cb19d-0c65-4430-84ca-636b64c47658,1,,7.0,,Normalne,false,2025-09-11 20:42:51.057635+00
426acec0-b759-46e4-a193-8173b389ad75,14e0ea57-d358-4104-ae3a-07805cfb8d95,4cb4f180-f5b1-442e-8088-807f712bfdf7,3,,6.0,,Normalne,false,2025-09-11 20:42:51.057635+00
42bb8839-9242-49ab-932c-778d3461f00c,403ec176-4968-4568-b000-7797c02ffb90,4cb4f180-f5b1-442e-8088-807f712bfdf7,2,,4.0,,Normalne,false,2025-09-11 20:42:51.057635+00
461f04a5-07c8-4a5f-8a15-91769aa216ec,e79302d0-1de2-4be2-a128-7bd42accd712,79daec72-8853-493b-aa9c-91f9e2dc60d6,1,,,,,false,2025-09-11 20:42:51.057635+00
4a0e7a16-c995-4ec1-9daf-cd0ae7bb9325,8a9417c1-c8e0-4a4e-8499-3e1ef25f69e0,5b5cd32c-7686-45df-9fe2-2e2b5a4b4bc5,3,,4.0,,Normalne,false,2025-09-11 20:42:51.057635+00
4cdbc78c-13e8-4f09-ad50-49e719c372b0,14e0ea57-d358-4104-ae3a-07805cfb8d95,a45b255c-f8f2-4a5a-b62f-50c2d14b1419,2,,,9.0,,false,2025-09-11 20:42:51.057635+00
4ddf172c-c331-4591-a186-83c62085f9c8,403ec176-4968-4568-b000-7797c02ffb90,013dc321-6283-4c6d-ae0e-bff2079741fd,3,,18.0,,Normalne,false,2025-09-11 20:42:51.057635+00
4e9a2d7a-51db-4278-b405-7147e2484a8b,14e0ea57-d358-4104-ae3a-07805cfb8d95,013dc321-6283-4c6d-ae0e-bff2079741fd,2,,16.0,,Normalne,false,2025-09-11 20:42:51.057635+00
4fd1d1fe-8249-4e77-bca5-fb2ba0ae4ff4,403ec176-4968-4568-b000-7797c02ffb90,79daec72-8853-493b-aa9c-91f9e2dc60d6,1,,13.0,,Normalne,false,2025-09-11 20:42:51.057635+00
5081fc1d-6487-45b0-a44f-0f017233ed85,5281e63c-19d0-4171-8799-9acd99737bfd,b80cb19d-0c65-4430-84ca-636b64c47658,4,,8.0,,Normalne,false,2025-09-11 20:42:51.057635+00
5156b730-3223-4682-8e14-66c8f6041064,c94db2c7-4510-41f5-9f20-07d788636b7e,b80cb19d-0c65-4430-84ca-636b64c47658,2,,8.0,,Normalne,false,2025-09-11 20:42:51.057635+00
525a9641-854f-4cb2-bb0c-d2159f66e59a,5c2977c0-bc60-4822-bd55-b5b7aefa9021,5b5cd32c-7686-45df-9fe2-2e2b5a4b4bc5,4,,35.0,,Normalne,false,2025-09-11 20:42:51.057635+00
567e30cf-943d-4b4f-8209-fc9beaca59bf,e79302d0-1de2-4be2-a128-7bd42accd712,25987556-350d-4d06-be9b-612631bc7e71,3,,,9.0,,false,2025-09-11 20:42:51.057635+00
56f9c516-9ae5-4759-a08c-f7ba9c39c261,4e135b69-7043-4d61-98c9-87ecb09b6968,caa09f9f-021a-44bc-9f62-2f3d7c1f66a1,1,,,,,false,2025-09-11 20:42:51.057635+00
57a6febe-8412-4cd0-be13-fb30f3239f7b,8d98900f-70cf-4304-856f-10e0c580f1df,4cb4f180-f5b1-442e-8088-807f712bfdf7,1,,,,Normalne,false,2025-09-11 20:42:51.057635+00
5823c858-d759-46c3-ad57-13badf0eceac,a8fd9563-5405-4f9b-bc41-52b833356e49,79daec72-8853-493b-aa9c-91f9e2dc60d6,1,,14.0,,Normalne,false,2025-09-11 20:42:51.057635+00
5831e9ef-8c71-4604-b467-2538a7048d3c,817773cc-6c0c-4e6c-b2fa-d9048257f483,03233fd5-c6f9-4e4a-8e22-3be34e480a63,2,,22.0,,Normalne,false,2025-09-11 20:42:51.057635+00
5a5b1eaa-ad0b-4663-93d8-0f6a3fae6161,3ca72489-7b46-4c09-b7fe-5f6e6e5fadbc,dd362eed-14a7-4dbd-8862-23530c5616e9,2,,16.0,,Normalne,false,2025-09-11 20:42:51.057635+00
5abb8e17-048b-478d-8612-45df650b6e0b,403ec176-4968-4568-b000-7797c02ffb90,dd362eed-14a7-4dbd-8862-23530c5616e9,1,,8.0,,Normalne,false,2025-09-11 20:42:51.057635+00
5b222778-b306-42cd-bc99-9471ffd0b152,817773cc-6c0c-4e6c-b2fa-d9048257f483,79daec72-8853-493b-aa9c-91f9e2dc60d6,1,,14.0,,Normalne,false,2025-09-11 20:42:51.057635+00
5c9c7575-f0d1-4302-b3d6-8907354bdbde,14e0ea57-d358-4104-ae3a-07805cfb8d95,013dc321-6283-4c6d-ae0e-bff2079741fd,4,,16.0,,Normalne,false,2025-09-11 20:42:51.057635+00
5d368d24-0e01-4d0a-a2a5-5d14f2c1dc92,03aeac8e-3acd-40b0-8901-e6f3cafe645f,4cb4f180-f5b1-442e-8088-807f712bfdf7,2,,6.0,,Normalne,false,2025-09-11 20:42:51.057635+00
5ddcd295-f3e1-435d-8efc-f918701f098f,5f70fcd2-a9e8-4e05-a443-c48694a9eed4,5b5cd32c-7686-45df-9fe2-2e2b5a4b4bc5,3,,8.0,,Normalne,false,2025-09-11 20:42:51.057635+00
5e55066f-5eb8-4388-8d9b-de13002852bc,62ea8325-c8b5-4b34-b788-831c0d851f46,b80cb19d-0c65-4430-84ca-636b64c47658,1,,6.0,,Normalne,false,2025-09-11 20:42:51.057635+00
6300c474-9fc1-4ed5-ba9f-5a59e3b2a09a,e79302d0-1de2-4be2-a128-7bd42accd712,013dc321-6283-4c6d-ae0e-bff2079741fd,3,,,9.0,,false,2025-09-11 20:42:51.057635+00
63287870-b98c-4a4a-99b9-8689f6cd6c4f,14e0ea57-d358-4104-ae3a-07805cfb8d95,013dc321-6283-4c6d-ae0e-bff2079741fd,3,,20.0,,Szybkie,false,2025-09-11 20:42:51.057635+00
63748734-354b-4028-87e6-295112a26422,8a9417c1-c8e0-4a4e-8499-3e1ef25f69e0,5b5cd32c-7686-45df-9fe2-2e2b5a4b4bc5,2,,5.0,,Normalne,false,2025-09-11 20:42:51.057635+00
65856620-d530-40e1-aafb-69df0a34a74d,e79302d0-1de2-4be2-a128-7bd42accd712,013dc321-6283-4c6d-ae0e-bff2079741fd,2,,,9.0,,false,2025-09-11 20:42:51.057635+00
667e584c-2396-405c-8e0e-0de1e1f9477e,03aeac8e-3acd-40b0-8901-e6f3cafe645f,dd362eed-14a7-4dbd-8862-23530c5616e9,1,,5.0,,Normalne,false,2025-09-11 20:42:51.057635+00
66d301b0-c85d-4127-8cca-87ac22214a79,403ec176-4968-4568-b000-7797c02ffb90,4cb4f180-f5b1-442e-8088-807f712bfdf7,1,,4.0,,Normalne,false,2025-09-11 20:42:51.057635+00
671300dd-401a-4ded-889b-c07ac7f621d1,e79302d0-1de2-4be2-a128-7bd42accd712,013dc321-6283-4c6d-ae0e-bff2079741fd,4,,,9.0,,false,2025-09-11 20:42:51.057635+00
678866bd-1e0d-4231-b10f-9abea5a70a25,e79302d0-1de2-4be2-a128-7bd42accd712,4cb4f180-f5b1-442e-8088-807f712bfdf7,2,,,,,false,2025-09-11 20:42:51.057635+00
678f9bbf-aa5c-4cd7-81e5-f8a68e663d30,3ca72489-7b46-4c09-b7fe-5f6e6e5fadbc,801b9472-48fe-46ce-a31c-b29592d00794,3,,13.0,,Normalne,false,2025-09-11 20:42:51.057635+00
6803ebd0-e65b-46e3-aa6d-fea6432e2cb8,c94db2c7-4510-41f5-9f20-07d788636b7e,25987556-350d-4d06-be9b-612631bc7e71,3,,14.0,,Normalne,false,2025-09-11 20:42:51.057635+00
68766097-b78e-4a65-b9c6-b6bd9179dc3b,5281e63c-19d0-4171-8799-9acd99737bfd,16518ee0-ebe7-4ff2-b4f6-e8dea5171ef9,3,,9.0,,Normalne,false,2025-09-11 20:42:51.057635+00
68b0eb39-767f-4af8-95b0-db4c08dd1539,cf394170-57ae-421a-90f0-b4554ac0dc64,b80cb19d-0c65-4430-84ca-636b64c47658,1,,8.0,,Normalne,false,2025-09-11 20:42:51.057635+00
68d19e7b-95f5-4acb-85c2-059a0ebcfe85,8a9417c1-c8e0-4a4e-8499-3e1ef25f69e0,25987556-350d-4d06-be9b-612631bc7e71,1,,12.0,,Normalne,false,2025-09-11 20:42:51.057635+00
694cb7af-6e6f-4b7c-851b-b6370e999bd7,03aeac8e-3acd-40b0-8901-e6f3cafe645f,013dc321-6283-4c6d-ae0e-bff2079741fd,1,,10.0,,Wolne,false,2025-09-11 20:42:51.057635+00
69fccf1d-7081-4fbf-b0d4-578e98d940f9,4e135b69-7043-4d61-98c9-87ecb09b6968,03233fd5-c6f9-4e4a-8e22-3be34e480a63,2,,25.0,,Szybkie,false,2025-09-11 20:42:51.057635+00
6d1be412-c47c-43a1-b6b6-5c09ef8a1acd,5c2977c0-bc60-4822-bd55-b5b7aefa9021,5b5cd32c-7686-45df-9fe2-2e2b5a4b4bc5,4,,4.0,,Normalne,false,2025-09-11 20:52:40.938325+00
711ab34a-8214-4d68-8cd8-ee118f7ce418,4e135b69-7043-4d61-98c9-87ecb09b6968,52eec1fe-394d-4c8a-ae5e-18411ffef3c9,1,,50.0,,Normalne,false,2025-09-11 20:52:40.938325+00
71fa6dc9-09b3-4774-a80c-5f01aa21130a,c5aa09bd-ce5b-43ba-adb8-e074fb5a3e96,5b5cd32c-7686-45df-9fe2-2e2b5a4b4bc5,4,,9.0,,Normalne,false,2025-09-11 20:42:51.057635+00
723d0e52-0f24-428f-9da2-13fecc4649fc,03aeac8e-3acd-40b0-8901-e6f3cafe645f,4cb4f180-f5b1-442e-8088-807f712bfdf7,1,,8.5,,Normalne,false,2025-09-11 20:42:51.057635+00
75418bd9-bf5d-487c-a8fd-e07c3b0d4bc2,8a9417c1-c8e0-4a4e-8499-3e1ef25f69e0,25987556-350d-4d06-be9b-612631bc7e71,2,,11.0,,Normalne,false,2025-09-11 20:42:51.057635+00
7663fe39-2d6d-4175-a639-91a6c7ef79b7,03aeac8e-3acd-40b0-8901-e6f3cafe645f,801b9472-48fe-46ce-a31c-b29592d00794,2,,6.0,,Wolne,false,2025-09-11 20:42:51.057635+00
77d224cf-e2f1-47da-90f5-86e3d5164e49,5281e63c-19d0-4171-8799-9acd99737bfd,5b5cd32c-7686-45df-9fe2-2e2b5a4b4bc5,2,,5.0,,Normalne,false,2025-09-11 20:42:51.057635+00
7985b7cf-1c35-45a6-9d63-2abe5d7b52c5,5281e63c-19d0-4171-8799-9acd99737bfd,a45b255c-f8f2-4a5a-b62f-50c2d14b1419,2,,,8.0,,false,2025-09-11 20:42:51.057635+00
7b39be69-a2be-4366-9843-fcd92ae0f36b,4e135b69-7043-4d61-98c9-87ecb09b6968,4cb4f180-f5b1-442e-8088-807f712bfdf7,2,,8.0,,Normalne,false,2025-09-11 20:42:51.057635+00
7cef8e00-24d1-4a4a-9e9d-e1b34e98b97e,5281e63c-19d0-4171-8799-9acd99737bfd,a45b255c-f8f2-4a5a-b62f-50c2d14b1419,3,,,10.0,,false,2025-09-11 20:42:51.057635+00
7d3fb04f-f2f5-40d6-822e-25c2331e1a15,3ca72489-7b46-4c09-b7fe-5f6e6e5fadbc,013dc321-6283-4c6d-ae0e-bff2079741fd,3,7.00,15.0,,Normalne,false,2025-09-11 20:42:51.057635+00
7d7fdc4d-e948-4f57-9d33-d70e17177fbb,c5aa09bd-ce5b-43ba-adb8-e074fb5a3e96,b80cb19d-0c65-4430-84ca-636b64c47658,1,,10.0,,Normalne,false,2025-09-11 20:42:51.057635+00
7d92b50e-8131-46e5-889e-06b73eacd07a,cf394170-57ae-421a-90f0-b4554ac0dc64,b80cb19d-0c65-4430-84ca-636b64c47658,2,,5.0,,Normalne,false,2025-09-11 20:42:51.057635+00
7ef1b228-044f-43d5-b1d6-212448e0f8c1,817773cc-6c0c-4e6c-b2fa-d9048257f483,dd362eed-14a7-4dbd-8862-23530c5616e9,2,,10.0,,Normalne,false,2025-09-11 20:42:51.057635+00
7f9f05c6-8ece-4273-8f84-1f5b3217b0da,c2d9f23d-0b3f-4240-9e63-7a0214de7c6a,5b5cd32c-7686-45df-9fe2-2e2b5a4b4bc5,2,,5.0,,Normalne,false,2025-09-11 20:42:51.057635+00
7fe46293-b3b8-429b-9caa-150c0205c55f,e79302d0-1de2-4be2-a128-7bd42accd712,801b9472-48fe-46ce-a31c-b29592d00794,2,,,,,false,2025-09-11 20:42:51.057635+00
80a27f5a-8f52-4b55-ace5-cdeedc313137,1445d654-7a5e-46d6-b89f-47e3ae3f5ca1,dd362eed-14a7-4dbd-8862-23530c5616e9,1,,10.0,,Normalne,false,2025-09-11 20:42:51.057635+00
813fef3b-c3ce-4d7d-b384-30c14098e951,5281e63c-19d0-4171-8799-9acd99737bfd,52eec1fe-394d-4c8a-ae5e-18411ffef3c9,2,,50.0,,Normalne,false,2025-09-11 20:52:40.938325+00
81a5f241-33bf-44ae-a892-e4c596bdcfa6,14e0ea57-d358-4104-ae3a-07805cfb8d95,72365a26-ae9d-45a4-abfc-a7b680bebdf8,1,,12.0,,Normalne,false,2025-09-11 20:42:51.057635+00
833dd8fc-cdd7-4d39-a858-391089c5fd29,cf394170-57ae-421a-90f0-b4554ac0dc64,a45b255c-f8f2-4a5a-b62f-50c2d14b1419,2,,,10.0,,false,2025-09-11 20:42:51.057635+00
837c285d-ee6b-407d-a792-ff4f50083ace,9ad74ec1-531b-482a-8331-2ee271663df4,013dc321-6283-4c6d-ae0e-bff2079741fd,2,,20.0,,Normalne,false,2025-09-11 20:42:51.057635+00
847d29d4-7b28-4d5c-8641-15f6c1e651c6,a8fd9563-5405-4f9b-bc41-52b833356e49,dd362eed-14a7-4dbd-8862-23530c5616e9,1,,10.0,,Normalne,false,2025-09-11 20:42:51.057635+00
84c9fa91-9ffd-485f-88c6-ec9b12a96e6d,8a9417c1-c8e0-4a4e-8499-3e1ef25f69e0,b80cb19d-0c65-4430-84ca-636b64c47658,3,,4.0,,Normalne,false,2025-09-11 20:42:51.057635+00
865d3a73-0269-4dae-aa98-bd23f783a3e6,14e0ea57-d358-4104-ae3a-07805cfb8d95,a45b255c-f8f2-4a5a-b62f-50c2d14b1419,3,,,10.0,,false,2025-09-11 20:42:51.057635+00
868de87a-edfc-4043-aedd-b273c25507c8,03aeac8e-3acd-40b0-8901-e6f3cafe645f,b80cb19d-0c65-4430-84ca-636b64c47658,2,,4.5,,Normalne,false,2025-09-11 20:42:51.057635+00
86a5c57e-b6d5-43da-b190-1799b2f9e0af,817773cc-6c0c-4e6c-b2fa-d9048257f483,79daec72-8853-493b-aa9c-91f9e2dc60d6,2,,11.0,,Normalne,false,2025-09-11 20:42:51.057635+00
86bcbcbf-6b56-4a44-9c82-855709991e44,b88dbc89-cdff-4c60-96d0-790e7c39643c,79daec72-8853-493b-aa9c-91f9e2dc60d6,3,,8.0,,Normalne,false,2025-09-11 20:42:51.057635+00
87cc5a95-42bb-411c-b054-b0075210456f,403ec176-4968-4568-b000-7797c02ffb90,79daec72-8853-493b-aa9c-91f9e2dc60d6,2,,10.0,,Normalne,false,2025-09-11 20:42:51.057635+00
888a4d63-c3b5-4f27-b8a8-4e6ed1188f4d,3ca72489-7b46-4c09-b7fe-5f6e6e5fadbc,801b9472-48fe-46ce-a31c-b29592d00794,2,,15.0,,Normalne,false,2025-09-11 20:42:51.057635+00
88dc3efa-75cf-4b79-a940-49b01a5d3afc,c5aa09bd-ce5b-43ba-adb8-e074fb5a3e96,25987556-350d-4d06-be9b-612631bc7e71,1,,15.0,,Normalne,false,2025-09-11 20:42:51.057635+00
89333778-c237-452c-b4d3-96f395db983f,5281e63c-19d0-4171-8799-9acd99737bfd,52eec1fe-394d-4c8a-ae5e-18411ffef3c9,1,,,,,false,2025-09-11 20:42:51.057635+00
8aaca7b9-0d5f-43c8-b720-a9bf29db4cea,14e0ea57-d358-4104-ae3a-07805cfb8d95,801b9472-48fe-46ce-a31c-b29592d00794,3,,8.0,,Normalne,false,2025-09-11 20:42:51.057635+00
8c5564a3-e246-4e31-aa1f-c586abf59348,3ca72489-7b46-4c09-b7fe-5f6e6e5fadbc,dd362eed-14a7-4dbd-8862-23530c5616e9,1,,10.0,,Normalne,false,2025-09-11 20:42:51.057635+00
8d4d7194-b188-45f5-a439-d68e0a86f3e4,03aeac8e-3acd-40b0-8901-e6f3cafe645f,dd362eed-14a7-4dbd-8862-23530c5616e9,3,,4.0,,Normalne,false,2025-09-11 20:42:51.057635+00
8d9e989b-17d1-44d6-9e88-3e45e4feb6f0,a8fd9563-5405-4f9b-bc41-52b833356e49,03233fd5-c6f9-4e4a-8e22-3be34e480a63,4,,15.0,,Normalne,false,2025-09-11 20:42:51.057635+00
8da9e3b1-8ef6-4b77-8969-b45b3d9fc895,8a9417c1-c8e0-4a4e-8499-3e1ef25f69e0,b80cb19d-0c65-4430-84ca-636b64c47658,2,,4.0,,Normalne,false,2025-09-11 20:42:51.057635+00
8db177c0-0c98-4fcc-9920-d41286673038,403ec176-4968-4568-b000-7797c02ffb90,dd362eed-14a7-4dbd-8862-23530c5616e9,2,,4.0,,Normalne,false,2025-09-11 20:42:51.057635+00
8dfdc5b2-832d-4317-af28-d580bf408c51,817773cc-6c0c-4e6c-b2fa-d9048257f483,4cb4f180-f5b1-442e-8088-807f712bfdf7,2,,11.0,,Normalne,false,2025-09-11 20:42:51.057635+00
8e5f394e-5189-48e6-b6d0-a6c48c1e0508,03aeac8e-3acd-40b0-8901-e6f3cafe645f,4cb4f180-f5b1-442e-8088-807f712bfdf7,3,,5.0,,Normalne,false,2025-09-11 20:52:40.938325+00
8ec2e9bf-7b1e-4d2d-a0a0-0dbdbb1bfa93,e79302d0-1de2-4be2-a128-7bd42accd712,013dc321-6283-4c6d-ae0e-bff2079741fd,1,,,8.0,,false,2025-09-11 20:42:51.057635+00
8f084d5c-3b09-4c5d-bafe-4d38b73e1df3,5c2977c0-bc60-4822-bd55-b5b7aefa9021,b80cb19d-0c65-4430-84ca-636b64c47658,1,,7.0,,Normalne,false,2025-09-11 20:42:51.057635+00
8f632f45-9dc5-4f71-8af7-f413e65fc7ad,62ea8325-c8b5-4b34-b788-831c0d851f46,b80cb19d-0c65-4430-84ca-636b64c47658,3,,8.0,,Normalne,false,2025-09-11 20:42:51.057635+00
92383151-fcb4-40d4-9cca-efe2a569f32a,5281e63c-19d0-4171-8799-9acd99737bfd,caa09f9f-021a-44bc-9f62-2f3d7c1f66a1,2,,,,,false,2025-09-11 20:42:51.057635+00
929e9f19-4150-4b08-b928-cfa503b9f039,cf394170-57ae-421a-90f0-b4554ac0dc64,25987556-350d-4d06-be9b-612631bc7e71,2,,14.0,,Normalne,false,2025-09-11 20:42:51.057635+00
93296731-630c-4c8c-8e87-c0d1e32ef8e0,03aeac8e-3acd-40b0-8901-e6f3cafe645f,a45b255c-f8f2-4a5a-b62f-50c2d14b1419,2,,,9.0,,false,2025-09-11 20:42:51.057635+00
9384ec42-b455-4043-a908-4813da91124a,86e785ce-fadf-4b26-9c7d-4204c25d76bd,20263b39-3619-46b6-9e00-fa61e8e9addf,3,,16.0,,Normalne,false,2025-09-11 20:42:51.057635+00
93df4435-2617-4222-a094-bca22130fab4,e79302d0-1de2-4be2-a128-7bd42accd712,79ade498-9e19-4e01-acfb-ea9679a2bae7,3,,,10.0,,false,2025-09-11 20:42:51.057635+00
94b2185a-a81c-4a2b-a21d-844fae6e9d91,403ec176-4968-4568-b000-7797c02ffb90,dd362eed-14a7-4dbd-8862-23530c5616e9,3,,7.0,,Normalne,false,2025-09-11 20:42:51.057635+00
96be571a-b40a-42bd-9e84-35ad0dc479b5,e79302d0-1de2-4be2-a128-7bd42accd712,a45b255c-f8f2-4a5a-b62f-50c2d14b1419,2,,,10.0,,false,2025-09-11 20:42:51.057635+00
97c3ef23-2d5a-4ef4-ac05-048bcb04e6ea,c2d9f23d-0b3f-4240-9e63-7a0214de7c6a,5b5cd32c-7686-45df-9fe2-2e2b5a4b4bc5,3,,5.0,,Normalne,false,2025-09-11 20:42:51.057635+00
98ab3e12-78d9-4a81-8fb1-996e74f9451b,403ec176-4968-4568-b000-7797c02ffb90,013dc321-6283-4c6d-ae0e-bff2079741fd,1,,15.0,,Wolne,false,2025-09-11 20:42:51.057635+00
998afcca-544a-4355-8ad1-b41ce417adfc,e79302d0-1de2-4be2-a128-7bd42accd712,4cb4f180-f5b1-442e-8088-807f712bfdf7,1,,,,,false,2025-09-11 20:42:51.057635+00
99b99a91-9ceb-4a4d-a2a2-a66b411a2907,8d98900f-70cf-4304-856f-10e0c580f1df,801b9472-48fe-46ce-a31c-b29592d00794,2,,,,Normalne,false,2025-09-11 20:42:51.057635+00
99ee4947-cbe4-4d72-b8e4-e7ccf11e4158,8a9417c1-c8e0-4a4e-8499-3e1ef25f69e0,b80cb19d-0c65-4430-84ca-636b64c47658,4,,7.0,,Normalne,false,2025-09-11 20:42:51.057635+00
9a381a18-8c69-40bf-8ef6-0a4e97273751,03aeac8e-3acd-40b0-8901-e6f3cafe645f,b80cb19d-0c65-4430-84ca-636b64c47658,3,,6.0,,Wolne,false,2025-09-11 20:42:51.057635+00
9c48681d-67b0-47c7-830b-f6ea59e7f112,817773cc-6c0c-4e6c-b2fa-d9048257f483,4cb4f180-f5b1-442e-8088-807f712bfdf7,3,,13.0,,Normalne,false,2025-09-11 20:42:51.057635+00
9c97c501-4713-4d0a-8259-4ce0890ca0b5,03aeac8e-3acd-40b0-8901-e6f3cafe645f,a45b255c-f8f2-4a5a-b62f-50c2d14b1419,1,,,8.0,,false,2025-09-11 20:42:51.057635+00
9d8875c6-9125-4337-884e-8bd86215c73c,14e0ea57-d358-4104-ae3a-07805cfb8d95,4cb4f180-f5b1-442e-8088-807f712bfdf7,2,,5.0,,Normalne,false,2025-09-11 20:42:51.057635+00
9dc0e898-ef35-4907-95fe-4bebf95fc541,8a9417c1-c8e0-4a4e-8499-3e1ef25f69e0,a45b255c-f8f2-4a5a-b62f-50c2d14b1419,3,,,10.0,,false,2025-09-11 20:42:51.057635+00
9f1f8866-e78e-4878-8cb4-114008776112,817773cc-6c0c-4e6c-b2fa-d9048257f483,dd362eed-14a7-4dbd-8862-23530c5616e9,3,,6.0,,Normalne,false,2025-09-11 20:42:51.057635+00
9f8ac848-65a5-4e42-8451-fdd43ace1086,5c2977c0-bc60-4822-bd55-b5b7aefa9021,b80cb19d-0c65-4430-84ca-636b64c47658,4,,7.0,,Normalne,false,2025-09-11 20:42:51.057635+00
9f94a652-3070-43f2-bd0a-cbc3fa1902ca,c2d9f23d-0b3f-4240-9e63-7a0214de7c6a,25987556-350d-4d06-be9b-612631bc7e71,3,,11.0,,Normalne,false,2025-09-11 20:42:51.057635+00
a093c2de-e14d-4f69-a4d6-6f231e5b9fb1,03aeac8e-3acd-40b0-8901-e6f3cafe645f,801b9472-48fe-46ce-a31c-b29592d00794,1,,6.0,,Wolne,false,2025-09-11 20:42:51.057635+00
a0e3d555-7720-4319-abce-de72092677c6,e79302d0-1de2-4be2-a128-7bd42accd712,5b5cd32c-7686-45df-9fe2-2e2b5a4b4bc5,3,,5.0,,Normalne,false,2025-09-11 20:42:51.057635+00
a241e001-0628-47ba-9570-648c63c62510,a8fd9563-5405-4f9b-bc41-52b833356e49,03233fd5-c6f9-4e4a-8e22-3be34e480a63,1,,24.0,,Normalne,false,2025-09-11 20:42:51.057635+00
a78424d8-0911-415f-b768-926f31cdadab,cf394170-57ae-421a-90f0-b4554ac0dc64,a45b255c-f8f2-4a5a-b62f-50c2d14b1419,1,,,9.0,,false,2025-09-11 20:42:51.057635+00
a7badbd8-2989-4ddb-8930-60a8a14fa0fd,e79302d0-1de2-4be2-a128-7bd42accd712,25987556-350d-4d06-be9b-612631bc7e71,2,,13.0,,Wolne,false,2025-09-11 20:42:51.057635+00
a989974f-cbc8-4f97-b315-e1549f6c05b8,c94db2c7-4510-41f5-9f20-07d788636b7e,5b5cd32c-7686-45df-9fe2-2e2b5a4b4bc5,4,,8.0,,Normalne,false,2025-09-11 20:42:51.057635+00
ab347557-a616-4e85-a8aa-2bc20faa16a1,c2d9f23d-0b3f-4240-9e63-7a0214de7c6a,25987556-350d-4d06-be9b-612631bc7e71,1,,16.0,,Normalne,false,2025-09-11 20:42:51.057635+00
aba62150-f6a4-4e41-a339-a9b4b3ec5544,3ca72489-7b46-4c09-b7fe-5f6e6e5fadbc,a45b255c-f8f2-4a5a-b62f-50c2d14b1419,1,,,9.0,,false,2025-09-11 20:42:51.057635+00
ac694fb7-147c-4f63-ad4d-6c32c5ef17ae,c94db2c7-4510-41f5-9f20-07d788636b7e,5b5cd32c-7686-45df-9fe2-2e2b5a4b4bc5,3,,9.0,,Normalne,false,2025-09-11 20:42:51.057635+00
ae93164b-8c1c-4238-bf65-50a066fac680,14e0ea57-d358-4104-ae3a-07805cfb8d95,4cb4f180-f5b1-442e-8088-807f712bfdf7,1,,6.0,,Normalne,false,2025-09-11 20:42:51.057635+00
aecf5da5-a9df-4255-a084-1098385e377e,e79302d0-1de2-4be2-a128-7bd42accd712,801b9472-48fe-46ce-a31c-b29592d00794,3,,,,,false,2025-09-11 20:42:51.057635+00
aee2573a-50af-4497-b30f-fb7f41018df7,86e785ce-fadf-4b26-9c7d-4204c25d76bd,20263b39-3619-46b6-9e00-fa61e8e9addf,2,,18.0,,Normalne,false,2025-09-11 20:42:51.057635+00
af3c530f-a6d0-4f76-b718-f8517393d0fd,03aeac8e-3acd-40b0-8901-e6f3cafe645f,b80cb19d-0c65-4430-84ca-636b64c47658,1,,5.0,,Normalne,false,2025-09-11 20:42:51.057635+00
b01ed50f-a892-49ef-9d2e-6ef1c1612bc8,c5aa09bd-ce5b-43ba-adb8-e074fb5a3e96,b80cb19d-0c65-4430-84ca-636b64c47658,3,,9.0,,Normalne,false,2025-09-11 20:42:51.057635+00
b048e4e6-23a8-4e23-a734-a7b5137d5979,cf394170-57ae-421a-90f0-b4554ac0dc64,25987556-350d-4d06-be9b-612631bc7e71,1,,15.0,,Normalne,false,2025-09-11 20:42:51.057635+00
b0b70345-ca85-4a2b-bab0-bedbf5bb0bbf,62ea8325-c8b5-4b34-b788-831c0d851f46,a7c302a0-dd73-491f-b00d-9d2bc82ad9d2,1,,4.0,,Normalne,false,2025-09-11 20:42:51.057635+00
b173c5b3-b686-4aee-9d98-7e9a6d25cc5f,8d98900f-70cf-4304-856f-10e0c580f1df,013dc321-6283-4c6d-ae0e-bff2079741fd,1,,,,Normalne,false,2025-09-11 20:42:51.057635+00
b38c4d6f-918a-4cc3-955a-50bfbecc6da2,8d98900f-70cf-4304-856f-10e0c580f1df,013dc321-6283-4c6d-ae0e-bff2079741fd,3,,,,Normalne,false,2025-09-11 20:42:51.057635+00
b49ea0a1-f124-4c81-87b5-e0799c8aac8f,e79302d0-1de2-4be2-a128-7bd42accd712,5b5cd32c-7686-45df-9fe2-2e2b5a4b4bc5,4,,6.0,,Normalne,false,2025-09-11 20:42:51.057635+00
b5e839b9-9418-4254-ab4b-792a1e90b177,9ad74ec1-531b-482a-8331-2ee271663df4,79daec72-8853-493b-aa9c-91f9e2dc60d6,2,,10.0,,Normalne,false,2025-09-11 20:42:51.057635+00
b84dcdad-1a14-4ae8-a6aa-8afb64f5b729,c5aa09bd-ce5b-43ba-adb8-e074fb5a3e96,b80cb19d-0c65-4430-84ca-636b64c47658,2,,10.0,,Normalne,false,2025-09-11 20:42:51.057635+00
b84fd54a-cda8-4a60-b0ad-3657aeebfd22,5281e63c-19d0-4171-8799-9acd99737bfd,5b5cd32c-7686-45df-9fe2-2e2b5a4b4bc5,4,,8.0,,Normalne,false,2025-09-11 20:42:51.057635+00
b92ad0a6-0384-4462-8ef2-32123483d5dc,a8fd9563-5405-4f9b-bc41-52b833356e49,4cb4f180-f5b1-442e-8088-807f712bfdf7,1,,8.0,,Normalne,false,2025-09-11 20:42:51.057635+00
b93789a1-cce4-4218-bef7-b8fc5b0beaf4,c94db2c7-4510-41f5-9f20-07d788636b7e,b80cb19d-0c65-4430-84ca-636b64c47658,1,,7.0,,Normalne,false,2025-09-11 20:42:51.057635+00
bcbacb50-1324-45d1-b106-c9b99bbb993e,e79302d0-1de2-4be2-a128-7bd42accd712,4cb4f180-f5b1-442e-8088-807f712bfdf7,3,,,,,false,2025-09-11 20:42:51.057635+00
bef34040-0946-4838-aa87-95438d7f6253,62ea8325-c8b5-4b34-b788-831c0d851f46,5b5cd32c-7686-45df-9fe2-2e2b5a4b4bc5,2,,8.0,,Normalne,false,2025-09-11 20:42:51.057635+00
c26ec5d8-e852-40ae-a910-e3d24b5172f5,5f70fcd2-a9e8-4e05-a443-c48694a9eed4,b80cb19d-0c65-4430-84ca-636b64c47658,3,,7.0,,Normalne,false,2025-09-11 20:42:51.057635+00
c37acdcd-cac7-488c-bd66-9380b27bb1b0,cf394170-57ae-421a-90f0-b4554ac0dc64,5b5cd32c-7686-45df-9fe2-2e2b5a4b4bc5,2,,5.0,,Normalne,false,2025-09-11 20:42:51.057635+00
c43f7d2b-48f4-4c47-a988-721dcb75604f,a8fd9563-5405-4f9b-bc41-52b833356e49,03233fd5-c6f9-4e4a-8e22-3be34e480a63,2,,21.0,,Normalne,false,2025-09-11 20:42:51.057635+00
c4d7bae7-e518-46e2-8e96-3612ff3dccbe,cf394170-57ae-421a-90f0-b4554ac0dc64,a45b255c-f8f2-4a5a-b62f-50c2d14b1419,3,,,10.0,,false,2025-09-11 20:42:51.057635+00
c54d3256-852b-4692-b206-ea9f26d5e1af,e79302d0-1de2-4be2-a128-7bd42accd712,a45b255c-f8f2-4a5a-b62f-50c2d14b1419,3,,,9.0,,false,2025-09-11 20:42:51.057635+00
c5680172-91a7-45d6-b45e-cf64e994f292,b88dbc89-cdff-4c60-96d0-790e7c39643c,03233fd5-c6f9-4e4a-8e22-3be34e480a63,2,,24.0,,Normalne,false,2025-09-11 20:42:51.057635+00
c5c11af3-b875-4db0-9055-f66301135455,5281e63c-19d0-4171-8799-9acd99737bfd,16518ee0-ebe7-4ff2-b4f6-e8dea5171ef9,1,,12.0,,Normalne,false,2025-09-11 20:42:51.057635+00
c5ca50f9-baa2-4a5d-aec9-616e9d6054cc,03aeac8e-3acd-40b0-8901-e6f3cafe645f,4cb4f180-f5b1-442e-8088-807f712bfdf7,1,,9.0,,Normalne,false,2025-09-11 20:52:40.938325+00
c7f5d8ee-addf-453d-89a6-bf9e66e47d15,403ec176-4968-4568-b000-7797c02ffb90,79daec72-8853-493b-aa9c-91f9e2dc60d6,3,,9.0,,Normalne,false,2025-09-11 20:42:51.057635+00
c805e718-ffd8-4615-a177-3ff60c7df1ef,62ea8325-c8b5-4b34-b788-831c0d851f46,5b5cd32c-7686-45df-9fe2-2e2b5a4b4bc5,1,,8.0,,Normalne,false,2025-09-11 20:42:51.057635+00
c90160f3-147f-4397-ac46-83ddeae38678,8d98900f-70cf-4304-856f-10e0c580f1df,4cb4f180-f5b1-442e-8088-807f712bfdf7,2,,,,Normalne,false,2025-09-11 20:42:51.057635+00
c99c6ad4-b308-4edd-9dfe-8807f133dd3e,b88dbc89-cdff-4c60-96d0-790e7c39643c,79daec72-8853-493b-aa9c-91f9e2dc60d6,1,,14.0,,Normalne,false,2025-09-11 20:42:51.057635+00
cb9633f9-e7a4-4a63-848d-7ac951b2eb6c,5c2977c0-bc60-4822-bd55-b5b7aefa9021,b80cb19d-0c65-4430-84ca-636b64c47658,3,,8.0,,Normalne,false,2025-09-11 20:42:51.057635+00
cbf2cc1f-81df-424a-83ee-e02dcb8423ba,cf394170-57ae-421a-90f0-b4554ac0dc64,5b5cd32c-7686-45df-9fe2-2e2b5a4b4bc5,1,,13.0,,Normalne,false,2025-09-11 20:42:51.057635+00
cc66f520-31e4-4332-8e08-6a57bfd99647,9ad74ec1-531b-482a-8331-2ee271663df4,79daec72-8853-493b-aa9c-91f9e2dc60d6,3,,10.0,,Normalne,false,2025-09-11 20:42:51.057635+00
cd056d8c-75b6-4090-816a-0adb0ce5acb6,b88dbc89-cdff-4c60-96d0-790e7c39643c,79daec72-8853-493b-aa9c-91f9e2dc60d6,2,,12.0,,Normalne,false,2025-09-11 20:42:51.057635+00
cd393d42-8e01-4d8f-a2d0-cfd7b45c68ba,403ec176-4968-4568-b000-7797c02ffb90,4cb4f180-f5b1-442e-8088-807f712bfdf7,3,,4.0,,Normalne,false,2025-09-11 20:42:51.057635+00
ce5d0eb0-028c-48f5-91c1-4992f7ee91b7,62ea8325-c8b5-4b34-b788-831c0d851f46,5b5cd32c-7686-45df-9fe2-2e2b5a4b4bc5,3,,9.0,,Normalne,false,2025-09-11 20:42:51.057635+00
cfa04247-d3d3-44d3-974f-428487f8c1cb,5281e63c-19d0-4171-8799-9acd99737bfd,b80cb19d-0c65-4430-84ca-636b64c47658,3,,9.0,,Normalne,false,2025-09-11 20:42:51.057635+00
d19af203-3f54-4cc3-a929-24a77ae8faf4,b88dbc89-cdff-4c60-96d0-790e7c39643c,dd362eed-14a7-4dbd-8862-23530c5616e9,1,,12.0,,Normalne,false,2025-09-11 20:42:51.057635+00
d3361cc6-8c5c-4764-b2c7-2be28ce41e7f,4e135b69-7043-4d61-98c9-87ecb09b6968,03233fd5-c6f9-4e4a-8e22-3be34e480a63,1,,18.0,,Wolne,false,2025-09-11 20:42:51.057635+00
d3fc1bfb-4b1a-423b-bdd9-47ad09e0ed79,c2d9f23d-0b3f-4240-9e63-7a0214de7c6a,25987556-350d-4d06-be9b-612631bc7e71,2,,13.0,,Normalne,false,2025-09-11 20:42:51.057635+00
d570a18d-34af-420a-a98b-8323ed725c39,c5aa09bd-ce5b-43ba-adb8-e074fb5a3e96,b80cb19d-0c65-4430-84ca-636b64c47658,4,,9.0,,Normalne,false,2025-09-11 20:42:51.057635+00
d5b5740f-c314-4371-84f6-b157e1659a41,4e135b69-7043-4d61-98c9-87ecb09b6968,4cb4f180-f5b1-442e-8088-807f712bfdf7,1,,7.0,,Normalne,false,2025-09-11 20:42:51.057635+00
d7ac6e24-8c07-4bee-93fe-6552ce853274,8d98900f-70cf-4304-856f-10e0c580f1df,013dc321-6283-4c6d-ae0e-bff2079741fd,4,,,,Normalne,false,2025-09-11 20:42:51.057635+00
d91dd072-78c6-4fb6-a87a-a44b1a9e57d5,5281e63c-19d0-4171-8799-9acd99737bfd,5b5cd32c-7686-45df-9fe2-2e2b5a4b4bc5,1,,12.0,,Normalne,false,2025-09-11 20:42:51.057635+00
d9c49a35-855d-4e4d-b1a6-90886373bbd9,403ec176-4968-4568-b000-7797c02ffb90,013dc321-6283-4c6d-ae0e-bff2079741fd,2,,20.0,,Normalne,false,2025-09-11 20:42:51.057635+00
dae94b04-cc31-4719-9e8d-f6fb12361007,5281e63c-19d0-4171-8799-9acd99737bfd,a45b255c-f8f2-4a5a-b62f-50c2d14b1419,1,,,9.0,,false,2025-09-11 20:42:51.057635+00
daf8dbb9-4a2a-4216-8d16-f00cb62ca1bc,c94db2c7-4510-41f5-9f20-07d788636b7e,5b5cd32c-7686-45df-9fe2-2e2b5a4b4bc5,1,,10.0,,Normalne,false,2025-09-11 20:42:51.057635+00
db5d7f58-78b8-43df-94df-4bf9941f1587,8d98900f-70cf-4304-856f-10e0c580f1df,013dc321-6283-4c6d-ae0e-bff2079741fd,2,,,,Normalne,false,2025-09-11 20:42:51.057635+00
dc326397-db30-4d71-8271-c6edeb07322e,8a9417c1-c8e0-4a4e-8499-3e1ef25f69e0,5b5cd32c-7686-45df-9fe2-2e2b5a4b4bc5,4,,7.0,,Normalne,false,2025-09-11 20:42:51.057635+00
dd778cc1-b4b3-41f0-8aa5-0128e4f06b25,1445d654-7a5e-46d6-b89f-47e3ae3f5ca1,4cb4f180-f5b1-442e-8088-807f712bfdf7,3,,10.0,,Normalne,false,2025-09-11 20:42:51.057635+00
e10d5a61-7df3-4fb2-bce4-5e85b43629f5,8a9417c1-c8e0-4a4e-8499-3e1ef25f69e0,5b5cd32c-7686-45df-9fe2-2e2b5a4b4bc5,1,,11.0,,Normalne,false,2025-09-11 20:42:51.057635+00
e12cc113-273d-486e-a8e6-dfe8e2bd22fb,c2d9f23d-0b3f-4240-9e63-7a0214de7c6a,5b5cd32c-7686-45df-9fe2-2e2b5a4b4bc5,4,,10.0,,Normalne,false,2025-09-11 20:42:51.057635+00
e1917740-638e-45c6-a2f9-3cdada49f01e,c94db2c7-4510-41f5-9f20-07d788636b7e,25987556-350d-4d06-be9b-612631bc7e71,2,,12.0,,Normalne,false,2025-09-11 20:42:51.057635+00
e1b1722a-2ec3-42c8-b9b4-9048cbaeaa44,8d98900f-70cf-4304-856f-10e0c580f1df,801b9472-48fe-46ce-a31c-b29592d00794,1,,,,Normalne,false,2025-09-11 20:42:51.057635+00
e1c39768-45d4-46da-8855-c5b1cc3475d1,e79302d0-1de2-4be2-a128-7bd42accd712,25987556-350d-4d06-be9b-612631bc7e71,1,,13.0,,Wolne,false,2025-09-11 20:42:51.057635+00
e3a3a461-fe11-4425-85d3-4b8bbb6dd7e1,62ea8325-c8b5-4b34-b788-831c0d851f46,5b5cd32c-7686-45df-9fe2-2e2b5a4b4bc5,4,,7.0,,Normalne,false,2025-09-11 20:42:51.057635+00
e3de58a3-a029-402e-aa29-b5e5070eab59,03aeac8e-3acd-40b0-8901-e6f3cafe645f,b80cb19d-0c65-4430-84ca-636b64c47658,2,,5.0,,Normalne,false,2025-09-11 20:52:40.938325+00
e462881b-aa32-431d-b013-7683f5c7292b,3ca72489-7b46-4c09-b7fe-5f6e6e5fadbc,013dc321-6283-4c6d-ae0e-bff2079741fd,1,,25.0,,Normalne,false,2025-09-11 20:42:51.057635+00
e4ae0e5e-7360-488b-af5a-77995c4c5839,c2d9f23d-0b3f-4240-9e63-7a0214de7c6a,b80cb19d-0c65-4430-84ca-636b64c47658,3,,8.0,,Normalne,false,2025-09-11 20:42:51.057635+00
e6431b8a-5550-406c-ad3e-148a2c8bd79b,62ea8325-c8b5-4b34-b788-831c0d851f46,b80cb19d-0c65-4430-84ca-636b64c47658,2,,5.0,,Normalne,false,2025-09-11 20:42:51.057635+00
e6ced9c6-c495-49ce-be17-2d506b862c86,8a9417c1-c8e0-4a4e-8499-3e1ef25f69e0,25987556-350d-4d06-be9b-612631bc7e71,3,,10.0,,Normalne,false,2025-09-11 20:42:51.057635+00
e7f38293-1cbc-411e-92d7-875f77a6b896,b88dbc89-cdff-4c60-96d0-790e7c39643c,dd362eed-14a7-4dbd-8862-23530c5616e9,3,,11.0,,Normalne,false,2025-09-11 20:42:51.057635+00
e86442a9-e5f3-4885-bc43-95f43db9dbce,a8fd9563-5405-4f9b-bc41-52b833356e49,dd362eed-14a7-4dbd-8862-23530c5616e9,3,,11.0,,Normalne,false,2025-09-11 20:42:51.057635+00
e8808f6c-d142-4583-96e0-bca5d1415a46,c2d9f23d-0b3f-4240-9e63-7a0214de7c6a,b80cb19d-0c65-4430-84ca-636b64c47658,1,,7.0,,Normalne,false,2025-09-11 20:42:51.057635+00
e92651f6-bb4b-49d0-92d5-70e7af888814,1445d654-7a5e-46d6-b89f-47e3ae3f5ca1,4cb4f180-f5b1-442e-8088-807f712bfdf7,2,,9.0,,Normalne,false,2025-09-11 20:42:51.057635+00
ea01d357-de7b-42fa-91d9-48432dc5525f,c2d9f23d-0b3f-4240-9e63-7a0214de7c6a,5b5cd32c-7686-45df-9fe2-2e2b5a4b4bc5,1,,9.0,,Normalne,false,2025-09-11 20:42:51.057635+00
ea9a477f-cf67-467f-904b-68abfa794edc,c5aa09bd-ce5b-43ba-adb8-e074fb5a3e96,5b5cd32c-7686-45df-9fe2-2e2b5a4b4bc5,1,,12.0,,Normalne,false,2025-09-11 20:42:51.057635+00
eb270736-5fe1-481d-b93b-006b95250927,4e135b69-7043-4d61-98c9-87ecb09b6968,52eec1fe-394d-4c8a-ae5e-18411ffef3c9,1,,500.0,,Normalne,false,2025-09-11 20:42:51.057635+00
ed5d3992-136f-41e7-a0cc-401866ac07c3,5c2977c0-bc60-4822-bd55-b5b7aefa9021,5b5cd32c-7686-45df-9fe2-2e2b5a4b4bc5,3,,3.0,,Normalne,false,2025-09-11 20:42:51.057635+00
ee62ba97-ca16-4e23-abd4-33e91a19724e,e79302d0-1de2-4be2-a128-7bd42accd712,79ade498-9e19-4e01-acfb-ea9679a2bae7,1,,,9.0,,false,2025-09-11 20:42:51.057635+00
ef30fd48-b8d2-42d4-a12e-9fe3edb11baf,b88dbc89-cdff-4c60-96d0-790e7c39643c,dd362eed-14a7-4dbd-8862-23530c5616e9,2,,10.0,,Normalne,false,2025-09-11 20:42:51.057635+00
ef522ab2-2a67-4e14-a898-8b58d07f4d24,5c2977c0-bc60-4822-bd55-b5b7aefa9021,5b5cd32c-7686-45df-9fe2-2e2b5a4b4bc5,2,,6.0,,Normalne,false,2025-09-11 20:42:51.057635+00
ef635154-b7eb-4e2b-a66a-03583de0cfe5,cf394170-57ae-421a-90f0-b4554ac0dc64,b80cb19d-0c65-4430-84ca-636b64c47658,3,,7.0,,Normalne,false,2025-09-11 20:42:51.057635+00
ef86946b-55fd-4ae5-9ad9-49f8ba9a9fbc,9ad74ec1-531b-482a-8331-2ee271663df4,4cb4f180-f5b1-442e-8088-807f712bfdf7,1,,8.0,,Normalne,false,2025-09-11 20:42:51.057635+00
ef8db106-3a71-4fe6-9f05-036ed508c2c1,4e135b69-7043-4d61-98c9-87ecb09b6968,03233fd5-c6f9-4e4a-8e22-3be34e480a63,3,,19.0,,Szybkie,false,2025-09-11 20:42:51.057635+00
ef8f0d24-ae15-4cb9-8ce5-3bf42785f78f,03aeac8e-3acd-40b0-8901-e6f3cafe645f,dd362eed-14a7-4dbd-8862-23530c5616e9,2,,5.0,,Normalne,false,2025-09-11 20:42:51.057635+00
efbf1d86-4486-481d-a31a-beb43adb126d,e79302d0-1de2-4be2-a128-7bd42accd712,5b5cd32c-7686-45df-9fe2-2e2b5a4b4bc5,1,,6.0,,Normalne,false,2025-09-11 20:42:51.057635+00
f09a79b6-76e6-491e-9487-a52fe6c3215b,c5aa09bd-ce5b-43ba-adb8-e074fb5a3e96,5b5cd32c-7686-45df-9fe2-2e2b5a4b4bc5,2,,6.0,,Normalne,false,2025-09-11 20:42:51.057635+00
f1382f20-56bb-49a7-98eb-7e8534fe92af,9ad74ec1-531b-482a-8331-2ee271663df4,dd362eed-14a7-4dbd-8862-23530c5616e9,2,,11.0,,Normalne,false,2025-09-11 20:42:51.057635+00
f254725b-466a-4e7f-b3ff-35de20e089bb,a8fd9563-5405-4f9b-bc41-52b833356e49,79daec72-8853-493b-aa9c-91f9e2dc60d6,2,,12.0,,Normalne,false,2025-09-11 20:42:51.057635+00
f2aa3a07-76c2-43d2-be4d-c4aa62d278fa,5f70fcd2-a9e8-4e05-a443-c48694a9eed4,25987556-350d-4d06-be9b-612631bc7e71,1,,20.0,,Szybkie,false,2025-09-11 20:42:51.057635+00
f32be908-13c5-497e-a203-4ecdabf2cdc6,c94db2c7-4510-41f5-9f20-07d788636b7e,5b5cd32c-7686-45df-9fe2-2e2b5a4b4bc5,2,,9.0,,Normalne,false,2025-09-11 20:42:51.057635+00
f3fe7194-5bbc-40be-801f-a401319c6349,14e0ea57-d358-4104-ae3a-07805cfb8d95,52eec1fe-394d-4c8a-ae5e-18411ffef3c9,1,,,,,false,2025-09-11 20:42:51.057635+00
f715c1ca-c0e6-4395-8dc3-bd839c432d10,5c2977c0-bc60-4822-bd55-b5b7aefa9021,5b5cd32c-7686-45df-9fe2-2e2b5a4b4bc5,1,,13.0,,Normalne,false,2025-09-11 20:42:51.057635+00
fa2cb582-8ce4-4624-9578-5fbe13e27d29,e79302d0-1de2-4be2-a128-7bd42accd712,b80cb19d-0c65-4430-84ca-636b64c47658,2,,6.0,,Wolne,false,2025-09-11 20:42:51.057635+00
fb091b89-b544-4549-8eb2-d0f901fa9aa9,03aeac8e-3acd-40b0-8901-e6f3cafe645f,a45b255c-f8f2-4a5a-b62f-50c2d14b1419,3,,,10.0,,false,2025-09-11 20:42:51.057635+00
fb7b41c2-baed-481a-90f5-3615758a3953,1445d654-7a5e-46d6-b89f-47e3ae3f5ca1,03233fd5-c6f9-4e4a-8e22-3be34e480a63,2,,20.0,,Normalne,false,2025-09-11 20:42:51.057635+00
fc7687e1-46c9-42f0-97b7-6bac0d6f4aee,03aeac8e-3acd-40b0-8901-e6f3cafe645f,25987556-350d-4d06-be9b-612631bc7e71,1,,16.0,,Normalne,false,2025-09-11 20:42:51.057635+00
fdc249bf-20c7-4fd6-983e-e9ff91aff647,5f70fcd2-a9e8-4e05-a443-c48694a9eed4,b80cb19d-0c65-4430-84ca-636b64c47658,2,,5.0,,Normalne,false,2025-09-11 20:42:51.057635+00
fed25fb9-e9a7-4929-af43-46d059a15081,b88dbc89-cdff-4c60-96d0-790e7c39643c,03233fd5-c6f9-4e4a-8e22-3be34e480a63,4,,18.0,,Normalne,false,2025-09-11 20:42:51.057635+00
fee59d22-96f3-4b68-9c72-24ee2439d2cb,14e0ea57-d358-4104-ae3a-07805cfb8d95,801b9472-48fe-46ce-a31c-b29592d00794,1,,13.0,,Normalne,false,2025-09-11 20:42:51.057635+00